,importance
rst_count,0.1523881430404832
urg_count,0.141600528737727
Variance,0.08875810466025756
Duration,0.0729375241576341
flow_duration,0.07001533772583911
ack_flag_number,0.06334659119013286
IAT,0.05610981119778836
Header_Length,0.04523201504803026
Std,0.0353849846214768
Radius,0.031824369974486615
HTTPS,0.028358561758762467
Magnitue,0.02712868004738113
AVG,0.02539883600098399
Tot size,0.023872654811833215
Max,0.021362016707879364
Protocol Type,0.018858205898488935
Number,0.017103325458741415
Weight,0.016889046464622682
Covariance,0.012985285100806472
Rate,0.00999163458672771
Srate,0.009083186042640723
TCP,0.0052489509803814605
Min,0.005164232719348889
Tot sum,0.0048776033786997516
fin_count,0.004574672354233296
psh_flag_number,0.0030354039790675097
syn_count,0.002562040639620594
ICMP,0.0015878592099176302
HTTP,0.0015228496002539246
ack_count,0.0014487335679264943
syn_flag_number,0.0005769148248321929
UDP,0.0004081200704228718
rst_flag_number,0.00015586985258024403
SSH,8.432951221042955e-05
DNS,5.481121241126654e-05
LLC,2.4582006430856396e-05
IPv,2.1985413737509148e-05
fin_flag_number,1.890915086643132e-05
ARP,3.288294334365526e-06
Drate,3.614328953380092e-16
DHCP,0.0
